{
    "loss": 10.206500053405762,
    "accuracy": 0.5686274766921997
}