{
    "loss": 35.56417465209961,
    "accuracy": 0.4313725531101227
}